FUNDAMENTAL SKILLS LIST,,
Balance on one leg, Bunny Hops forward and Backward, Closed Guard
Hop on One Leg, Bear Crawl forward and Backward, Press Up Squat Plank
Monkey Crawl, Roll and Sit through, Double Lapelle Roll
Monkey Roll, Ebi (Shrimping), Log Roll
Walk a line toe to heel, Gyaku Ebi (Digging / reverse shrimping), Log Roll Arms and feet Extended
Tsugi Ashi Movement, Forward Roll, Backward roll
Right and Left Stance, Forward Roll to Straddle, Turtle Guard
Right and Left Gripping, Cartwheel, Beanbag Walk
Tsukiage (Bridge / bump roll), Tai Sabaki Movement, Belly down (flat guard)
